{
	"configPath": "/Users/raphi/projects/socialincome/public/website/next.openapi.json",
	"outputFile": "/Users/raphi/projects/socialincome/public/website/public/openapi.json",
	"diagnostics": [],
	"performance": {
		"prepareTemplateMs": 0.07624999999995907,
		"loadCustomFragmentsMs": 0.00041699999997035775,
		"prepareDocumentMs": 0.07666699999992943,
		"scanRouteFilesMs": 1.7780839999999785,
		"deriveRoutePathMs": 0.29841699999991533,
		"filterRouteCandidatesMs": 0.022541999999987183,
		"sourcePrecheckMs": 1.1500819999999408,
		"readRouteFilesMs": 0.6968350000000783,
		"parseRouteFilesMs": 11.335957000000064,
		"analyzeRouteFilesMs": 9.900832999999864,
		"typescriptResponseInferenceMs": 0,
		"processRouteFilesMs": 21.40983399999999,
		"registerRouteMs": 67.85887400000001,
		"getSchemaContentMs": 49.094666000000075,
		"createRequestParamsMs": 0.22775100000006887,
		"createRequestBodyMs": 0,
		"processResponsesMs": 17.54245899999995,
		"createResponseSchemaMs": 0,
		"buildOperationsMs": 67.89641500000005,
		"sortAndMergePathsMs": 0.4981249999999591,
		"buildPathsMs": 0.4981249999999591,
		"defaultComponentsAndErrorsMs": 0.17095799999998462,
		"mergeSchemasMs": 0.5383750000000305,
		"finalizeDocumentMs": 2.2743750000000205,
		"totalMs": 96.487417,
		"scanRoutesMs": 91.08433300000002
	}
}
